[
  {
    "title": "Sample Item 1",
    "description": "This is a sample description for item number 1. It contains general information about the content and purpose of this particular entry in the JSON list.",
    "image": {
      "url": "https://picsum.photos/id/1/600/400",
      "type": "image"
    }
  },
  {
    "title": "Sample Item 2",
    "description": "This is a sample description for item number 2. It contains general information about the content and purpose of this particular entry in the JSON list.",
    "image": {
      "url": "https://picsum.photos/id/2/600/400",
      "type": "image"
    }
  },
  {
    "title": "Sample Item 3",
    "description": "This is a sample description for item number 3. It contains general information about the content and purpose of this particular entry in the JSON list.",
    "image": {
      "url": "https://picsum.photos/id/3/600/400",
      "type": "image"
    }
  },
  {
    "title": "Sample Item 4",
    "description": "This is a sample description for item number 4. It contains general information about the content and purpose of this particular entry in the JSON list.",
    "image": {
      "url": "https://picsum.photos/id/4/600/400",
      "type": "image"
    }
  },
  {
    "title": "Sample Item 5",
    "description": "This is a sample description for item number 5. It contains general information about the content and purpose of this particular entry in the JSON list.",
    "image": {
      "url": "https://picsum.photos/id/5/600/400",
      "type": "image"
    }
  },
  {
    "title": "Sample Item 6",
    "description": "This is a sample description for item number 6. It contains general information about the content and purpose of this particular entry in the JSON list."
  },
  {
    "title": "Sample Item 7",
    "description": "This is a sample description for item number 7. It contains general information about the content and purpose of this particular entry in the JSON list.",
    "image": {
      "url": "https://picsum.photos/id/7/600/400",
      "type": "image"
    }
  },
  {
    "title": "Sample Item 8",
    "description": "This is a sample description for item number 8. It contains general information about the content and purpose of this particular entry in the JSON list.",
    "image": {
      "url": "https://picsum.photos/id/8/600/400",
      "type": "image"
    }
  },
  {
    "title": "Sample Item 9",
    "description": "This is a sample description for item number 9. It contains general information about the content and purpose of this particular entry in the JSON list.",
    "image": {
      "url": "https://picsum.photos/id/9/600/400",
      "type": "image"
    }
  },
  {
    "title": "Sample Item 10",
    "description": "This is a sample description for item number 10. It contains general information about the content and purpose of this particular entry in the JSON list.",
    "image": {
      "url": "https://picsum.photos/id/10/600/400",
      "type": "image"
    }
  },
  {
    "title": "Sample Item 11",
    "description": "This is a sample description for item number 11. It contains general information about the content and purpose of this particular entry in the JSON list.",
    "image": {
      "url": "https://picsum.photos/id/11/600/400",
      "type": "image"
    }
  },
  {
    "title": "Sample Item 12",
    "description": "This is a sample description for item number 12. It contains general information about the content and purpose of this particular entry in the JSON list.",
    "image": {
      "url": "https://picsum.photos/id/12/600/400",
      "type": "image"
    }
  },
  {
    "title": "Sample Item 13",
    "description": "This is a sample description for item number 13. It contains general information about the content and purpose of this particular entry in the JSON list.",
    "image": {
      "url": "https://picsum.photos/id/13/600/400",
      "type": "image"
    }
  },
  {
    "title": "Sample Item 14",
    "description": "This is a sample description for item number 14. It contains general information about the content and purpose of this particular entry in the JSON list.",
    "image": {
      "url": "https://picsum.photos/id/14/600/400",
      "type": "image"
    }
  },
  {
    "title": "Sample Item 15",
    "description": "This is a sample description for item number 15. It contains general information about the content and purpose of this particular entry in the JSON list.",
    "image": {
      "url": "https://picsum.photos/id/15/600/400",
      "type": "image"
    }
  },
  {
    "title": "Sample Item 16",
    "description": "This is a sample description for item number 16. It contains general information about the content and purpose of this particular entry in the JSON list.",
    "image": {
      "url": "https://picsum.photos/id/16/600/400",
      "type": "image"
    }
  },
  {
    "title": "Sample Item 17",
    "description": "This is a sample description for item number 17. It contains general information about the content and purpose of this particular entry in the JSON list.",
    "image": {
      "url": "https://picsum.photos/id/17/600/400",
      "type": "image"
    }
  },
  {
    "title": "Sample Item 18",
    "description": "This is a sample description for item number 18. It contains general information about the content and purpose of this particular entry in the JSON list.",
    "image": {
      "url": "https://picsum.photos/id/18/600/400",
      "type": "image"
    }
  },
  {
    "title": "Sample Item 19",
    "description": "This is a sample description for item number 19. It contains general information about the content and purpose of this particular entry in the JSON list.",
    "image": {
      "url": "https://picsum.photos/id/19/600/400",
      "type": "image"
    }
  },
  {
    "title": "Sample Item 20",
    "description": "This is a sample description for item number 20. It contains general information about the content and purpose of this particular entry in the JSON list.",
    "image": {
      "url": "https://picsum.photos/id/20/600/400",
      "type": "image"
    }
  },
  {
    "title": "Sample Item 21",
    "description": "This is a sample description for item number 21. It contains general information about the content and purpose of this particular entry in the JSON list.",
    "image": {
      "url": "https://picsum.photos/id/21/600/400",
      "type": "image"
    }
  },
  {
    "title": "Sample Item 22",
    "description": "This is a sample description for item number 22. It contains general information about the content and purpose of this particular entry in the JSON list.",
    "image": {
      "url": "https://picsum.photos/id/22/600/400",
      "type": "image"
    }
  },
  {
    "title": "Sample Item 23",
    "description": "This is a sample description for item number 23. It contains general information about the content and purpose of this particular entry in the JSON list.",
    "image": {
      "url": "https://picsum.photos/id/23/600/400",
      "type": "image"
    }
  },
  {
    "title": "Sample Item 24",
    "description": "This is a sample description for item number 24. It contains general information about the content and purpose of this particular entry in the JSON list.",
    "image": {
      "url": "https://picsum.photos/id/24/600/400",
      "type": "image"
    }
  },
  {
    "title": "Sample Item 25",
    "description": "This is a sample description for item number 25. It contains general information about the content and purpose of this particular entry in the JSON list.",
    "image": {
      "url": "https://picsum.photos/id/25/600/400",
      "type": "image"
    }
  },
  {
    "title": "Sample Item 26",
    "description": "This is a sample description for item number 26. It contains general information about the content and purpose of this particular entry in the JSON list.",
    "image": {
      "url": "https://picsum.photos/id/26/600/400",
      "type": "image"
    }
  },
  {
    "title": "Sample Item 27",
    "description": "This is a sample description for item number 27. It contains general information about the content and purpose of this particular entry in the JSON list.",
    "image": {
      "url": "https://picsum.photos/id/27/600/400",
      "type": "image"
    }
  },
  {
    "title": "Sample Item 28",
    "description": "This is a sample description for item number 28. It contains general information about the content and purpose of this particular entry in the JSON list.",
    "image": {
      "url": "https://picsum.photos/id/28/600/400",
      "type": "image"
    }
  },
  {
    "title": "Sample Item 29",
    "description": "This is a sample description for item number 29. It contains general information about the content and purpose of this particular entry in the JSON list.",
    "image": {
      "url": "https://picsum.photos/id/29/600/400",
      "type": "image"
    }
  },
  {
    "title": "Sample Item 30",
    "description": "This is a sample description for item number 30. It contains general information about the content and purpose of this particular entry in the JSON list.",
    "image": {
      "url": "https://picsum.photos/id/30/600/400",
      "type": "image"
    }
  },
  {
    "title": "Sample Item 31",
    "description": "This is a sample description for item number 31. It contains general information about the content and purpose of this particular entry in the JSON list.",
    "image": {
      "url": "https://picsum.photos/id/31/600/400",
      "type": "image"
    }
  },
  {
    "title": "Sample Item 32",
    "description": "This is a sample description for item number 32. It contains general information about the content and purpose of this particular entry in the JSON list.",
    "image": {
      "url": "https://picsum.photos/id/32/600/400",
      "type": "image"
    }
  },
  {
    "title": "Sample Item 33",
    "description": "This is a sample description for item number 33. It contains general information about the content and purpose of this particular entry in the JSON list.",
    "image": {
      "url": "https://picsum.photos/id/33/600/400",
      "type": "image"
    }
  },
  {
    "title": "Sample Item 34",
    "description": "This is a sample description for item number 34. It contains general information about the content and purpose of this particular entry in the JSON list.",
    "image": {
      "url": "https://picsum.photos/id/34/600/400",
      "type": "image"
    }
  },
  {
    "title": "Sample Item 35",
    "description": "This is a sample description for item number 35. It contains general information about the content and purpose of this particular entry in the JSON list.",
    "image": {
      "url": "https://picsum.photos/id/35/600/400",
      "type": "image"
    }
  },
  {
    "title": "Sample Item 36",
    "description": "This is a sample description for item number 36. It contains general information about the content and purpose of this particular entry in the JSON list.",
    "image": {
      "url": "https://picsum.photos/id/36/600/400",
      "type": "image"
    }
  },
  {
    "title": "Sample Item 37",
    "description": "This is a sample description for item number 37. It contains general information about the content and purpose of this particular entry in the JSON list.",
    "image": {
      "url": "https://picsum.photos/id/37/600/400",
      "type": "image"
    }
  },
  {
    "title": "Sample Item 38",
    "description": "This is a sample description for item number 38. It contains general information about the content and purpose of this particular entry in the JSON list.",
    "image": {
      "url": "https://picsum.photos/id/38/600/400",
      "type": "image"
    }
  },
  {
    "title": "Sample Item 39",
    "description": "This is a sample description for item number 39. It contains general information about the content and purpose of this particular entry in the JSON list.",
    "image": {
      "url": "https://picsum.photos/id/39/600/400",
      "type": "image"
    }
  },
  {
    "title": "Sample Item 40",
    "description": "This is a sample description for item number 40. It contains general information about the content and purpose of this particular entry in the JSON list.",
    "image": {
      "url": "https://picsum.photos/id/40/600/400",
      "type": "image"
    }
  },
  {
    "title": "Sample Item 41",
    "description": "This is a sample description for item number 41. It contains general information about the content and purpose of this particular entry in the JSON list.",
    "image": {
      "url": "https://picsum.photos/id/41/600/400",
      "type": "image"
    }
  },
  {
    "title": "Sample Item 42",
    "image": {
      "url": "https://picsum.photos/id/42/600/400",
      "type": "image"
    }
  },
  {
    "title": "Sample Item 43",
    "description": "This is a sample description for item number 43. It contains general information about the content and purpose of this particular entry in the JSON list.",
    "image": {
      "url": "https://picsum.photos/id/43/600/400",
      "type": "image"
    }
  },
  {
    "title": "Sample Item 44",
    "description": "This is a sample description for item number 44. It contains general information about the content and purpose of this particular entry in the JSON list.",
    "image": {
      "url": "https://picsum.photos/id/44/600/400",
      "type": "image"
    }
  },
  {
    "title": "Sample Item 45",
    "description": "This is a sample description for item number 45. It contains general information about the content and purpose of this particular entry in the JSON list.",
    "image": {
      "url": "https://picsum.photos/id/45/600/400",
      "type": "image"
    }
  },
  {
    "title": "Sample Item 46",
    "description": "This is a sample description for item number 46. It contains general information about the content and purpose of this particular entry in the JSON list.",
    "image": {
      "url": "https://picsum.photos/id/46/600/400",
      "type": "image"
    }
  },
  {
    "title": "Sample Item 47",
    "description": "This is a sample description for item number 47. It contains general information about the content and purpose of this particular entry in the JSON list.",
    "image": {
      "url": "https://picsum.photos/id/47/600/400",
      "type": "image"
    }
  },
  {
    "title": "Sample Item 48",
    "description": "This is a sample description for item number 48. It contains general information about the content and purpose of this particular entry in the JSON list.",
    "image": {
      "url": "https://picsum.photos/id/48/600/400",
      "type": "image"
    }
  },
  {
    "title": "Sample Item 49",
    "description": "This is a sample description for item number 49. It contains general information about the content and purpose of this particular entry in the JSON list.",
    "image": {
      "url": "https://picsum.photos/id/49/600/400",
      "type": "image"
    }
  },
  {
    "title": "Sample Item 50",
    "description": "This is a sample description for item number 50. It contains general information about the content and purpose of this particular entry in the JSON list.",
    "image": {
      "url": "https://picsum.photos/id/50/600/400",
      "type": "image"
    }
  },
  {
    "title": "Sample Item 51",
    "description": "This is a sample description for item number 51. It contains general information about the content and purpose of this particular entry in the JSON list.",
    "image": {
      "url": "https://picsum.photos/id/51/600/400",
      "type": "image"
    }
  },
  {
    "title": "Sample Item 52",
    "description": "This is a sample description for item number 52. It contains general information about the content and purpose of this particular entry in the JSON list.",
    "image": {
      "url": "https://picsum.photos/id/52/600/400",
      "type": "image"
    }
  },
  {
    "title": "Sample Item 53",
    "description": "This is a sample description for item number 53. It contains general information about the content and purpose of this particular entry in the JSON list.",
    "image": {
      "url": "https://picsum.photos/id/53/600/400",
      "type": "image"
    }
  },
  {
    "title": "Sample Item 54",
    "description": "This is a sample description for item number 54. It contains general information about the content and purpose of this particular entry in the JSON list.",
    "image": {
      "url": "https://picsum.photos/id/54/600/400",
      "type": "image"
    }
  },
  {
    "title": "Sample Item 55",
    "description": "This is a sample description for item number 55. It contains general information about the content and purpose of this particular entry in the JSON list.",
    "image": {
      "url": "https://picsum.photos/id/55/600/400",
      "type": "image"
    }
  },
  {
    "title": "Sample Item 56",
    "description": "This is a sample description for item number 56. It contains general information about the content and purpose of this particular entry in the JSON list.",
    "image": {
      "url": "https://picsum.photos/id/56/600/400",
      "type": "image"
    }
  },
  {
    "title": "Sample Item 57",
    "description": "This is a sample description for item number 57. It contains general information about the content and purpose of this particular entry in the JSON list.",
    "image": {
      "url": "https://picsum.photos/id/57/600/400",
      "type": "image"
    }
  },
  {
    "description": "This is a sample description for item number 58. It contains general information about the content and purpose of this particular entry in the JSON list.",
    "image": {
      "url": "https://picsum.photos/id/58/600/400",
      "type": "image"
    }
  },
  {
    "title": "Sample Item 59",
    "description": "This is a sample description for item number 59. It contains general information about the content and purpose of this particular entry in the JSON list.",
    "image": {
      "url": "https://picsum.photos/id/59/600/400",
      "type": "image"
    }
  },
  {
    "title": "Sample Item 60",
    "description": "This is a sample description for item number 60. It contains general information about the content and purpose of this particular entry in the JSON list.",
    "image": {
      "url": "https://picsum.photos/id/60/600/400",
      "type": "image"
    }
  },
  {
    "title": "Sample Item 61",
    "description": "This is a sample description for item number 61. It contains general information about the content and purpose of this particular entry in the JSON list.",
    "image": {
      "url": "https://picsum.photos/id/61/600/400",
      "type": "image"
    }
  },
  {
    "title": "Sample Item 62",
    "description": "This is a sample description for item number 62. It contains general information about the content and purpose of this particular entry in the JSON list.",
    "image": {
      "url": "https://picsum.photos/id/62/600/400",
      "type": "image"
    }
  },
  {
    "title": "Sample Item 63",
    "description": "This is a sample description for item number 63. It contains general information about the content and purpose of this particular entry in the JSON list.",
    "image": {
      "url": "https://picsum.photos/id/63/600/400",
      "type": "image"
    }
  },
  {
    "title": "Sample Item 64",
    "description": "This is a sample description for item number 64. It contains general information about the content and purpose of this particular entry in the JSON list.",
    "image": {
      "url": "https://picsum.photos/id/64/600/400",
      "type": 2
    }
  },
  {
    "title": "Sample Item 65",
    "description": "This is a sample description for item number 65. It contains general information about the content and purpose of this particular entry in the JSON list.",
    "image": {
      "url": "https://picsum.photos/id/65/600/400",
      "type": "image"
    }
  },
  {
    "title": "Sample Item 66",
    "description": "This is a sample description for item number 66. It contains general information about the content and purpose of this particular entry in the JSON list.",
    "image": {
      "url": "https://picsum.photos/id/66/600/400",
      "type": "image"
    }
  },
  {
    "title": "Sample Item 67",
    "description": "This is a sample description for item number 67. It contains general information about the content and purpose of this particular entry in the JSON list.",
    "image": {
      "url": "https://picsum.photos/id/67/600/400",
      "type": "image"
    }
  },
  {
    "title": "Sample Item 68",
    "description": "This is a sample description for item number 68. It contains general information about the content and purpose of this particular entry in the JSON list.",
    "image": {
      "url": "https://picsum.photos/id/68/600/400",
      "type": "image"
    }
  },
  {
    "title": "Sample Item 69",
    "description": "This is a sample description for item number 69. It contains general information about the content and purpose of this particular entry in the JSON list.",
    "image": {
      "url": "https://picsum.photos/id/69/600/400"
    }
  },
  {
    "title": "Sample Item 70",
    "description": "This is a sample description for item number 70. It contains general information about the content and purpose of this particular entry in the JSON list.",
    "image": {
      "url": "https://picsum.photos/id/70/600/400",
      "type": "image"
    }
  },
  {
    "title": "Sample Item 71",
    "description": "This is a sample description for item number 71. It contains general information about the content and purpose of this particular entry in the JSON list.",
    "image": {
      "url": "https://picsum.photos/id/71/600/400",
      "type": "image"
    }
  },
  {
    "title": "Sample Item 72",
    "description": "This is a sample description for item number 72. It contains general information about the content and purpose of this particular entry in the JSON list.",
    "image": {
      "url": "https://picsum.photos/id/72/600/400",
      "type": "image"
    }
  },
  {
    "title": "Sample Item 73",
    "description": "This is a sample description for item number 73. It contains general information about the content and purpose of this particular entry in the JSON list.",
    "image": {
      "url": "https://picsum.photos/id/73/600/400",
      "type": "image"
    }
  },
  {
    "title": "Sample Item 74",
    "description": "This is a sample description for item number 74. It contains general information about the content and purpose of this particular entry in the JSON list.",
    "image": {
      "url": "https://picsum.photos/id/74/600/400",
      "type": 3
    }
  },
  {
    "title": "Sample Item 75",
    "description": "This is a sample description for item number 75. It contains general information about the content and purpose of this particular entry in the JSON list.",
    "image": {
      "url": "https://picsum.photos/id/75/600/400",
      "type": "image"
    }
  },
  {
    "title": "Sample Item 76",
    "description": "This is a sample description for item number 76. It contains general information about the content and purpose of this particular entry in the JSON list.",
    "image": {
      "url": "https://picsum.photos/id/76/600/400",
      "type": "image"
    }
  },
  {
    "title": "Sample Item 77",
    "description": "This is a sample description for item number 77. It contains general information about the content and purpose of this particular entry in the JSON list.",
    "image": {
      "url": "https://picsum.photos/id/77/600/400",
      "type": "image"
    }
  },
  {
    "title": "Sample Item 78",
    "description": "This is a sample description for item number 78. It contains general information about the content and purpose of this particular entry in the JSON list.",
    "image": {
      "url": "https://picsum.photos/id/78/600/400",
      "type": "image"
    }
  },
  {
    "title": "Sample Item 79",
    "description": "This is a sample description for item number 79. It contains general information about the content and purpose of this particular entry in the JSON list.",
    "image": {
      "url": "https://picsum.photos/id/79/600/400",
      "type": "image"
    }
  },
  {
   "title": "Sample Item 80",
   "description": "This is a sample description for item number 80. It contains general information about the content and purpose of this particular entry in the JSON list."
  },
  {
    "title": "Sample Item 81",
    "description": "This is a sample description for item number 81. It contains general information about the content and purpose of this particular entry in the JSON list.",
    "image": {
      "url": "https://picsum.photos/id/81/600/400",
      "type": "image"
    }
  },
  {
    "title": "Sample Item 82",
    "description": "This is a sample description for item number 82. It contains general information about the content and purpose of this particular entry in the JSON list.",
    "image": {
      "url": "https://picsum.photos/id/82/600/400",
      "type": "image"
    }
  },
  {
    "title": "Sample Item 83",
    "description": "This is a sample description for item number 83. It contains general information about the content and purpose of this particular entry in the JSON list.",
    "image": {
      "url": "https://picsum.photos/id/83/600/400",
      "type": "image"
    }
  },
  {
    "title": "Sample Item 84",
    "description": "This is a sample description for item number 84. It contains general information about the content and purpose of this particular entry in the JSON list.",
    "image": {
      "url": "https://picsum.photos/id/84/600/400",
      "type": "image"
    }
  },
  {
    "title": "Sample Item 85",
    "description": "This is a sample description for item number 85. It contains general information about the content and purpose of this particular entry in the JSON list.",
    "image": {
      "url": "https://picsum.photos/id/85/600/400",
      "type": "image"
    }
  },
  {
    "title": "Sample Item 86",
    "description": "This is a sample description for item number 86. It contains general information about the content and purpose of this particular entry in the JSON list.",
    "image": {
      "url": "https://picsum.photos/id/86/600/400",
      "type": "image"
    }
  },
  {
    "title": "Sample Item 87",
    "description": "This is a sample description for item number 87. It contains general information about the content and purpose of this particular entry in the JSON list.",
    "image": {
      "url": "https://picsum.photos/id/87/600/400",
      "type": "image"
    }
  },
  {
    "title": "Sample Item 88",
    "description": "This is a sample description for item number 88. It contains general information about the content and purpose of this particular entry in the JSON list.",
    "image": {
      "url": "https://picsum.photos/id/88/600/400",
      "type": "image"
    }
  },
  {
    "title": "Sample Item 89",
    "description": "This is a sample description for item number 89. It contains general information about the content and purpose of this particular entry in the JSON list.",
    "image": {
      "url": "https://picsum.photos/id/89/600/400",
      "type": "image"
    }
  },
  {
    "title": "Sample Item 90",
    "description": "This is a sample description for item number 90. It contains general information about the content and purpose of this particular entry in the JSON list.",
    "image": {
      "url": "https://picsum.photos/id/90/600/400",
      "type": 4
    }
  },
  {
    "title": "Sample Item 91",
    "description": "This is a sample description for item number 91. It contains general information about the content and purpose of this particular entry in the JSON list.",
    "image": {
      "url": "https://picsum.photos/id/91/600/400",
      "type": "image"
    }
  },
  {
    "title": "Sample Item 92",
    "description": "This is a sample description for item number 92. It contains general information about the content and purpose of this particular entry in the JSON list.",
    "image": {
      "url": "https://picsum.photos/id/92/600/400",
      "type": "image"
    }
  },
  {
    "title": "Sample Item 93",
    "description": "This is a sample description for item number 93. It contains general information about the content and purpose of this particular entry in the JSON list.",
    "image": {
      "url": "https://picsum.photos/id/93/600/400",
      "type": "image"
    }
  },
  {
    "title": "Sample Item 94",
    "description": "This is a sample description for item number 94. It contains general information about the content and purpose of this particular entry in the JSON list.",
    "image": {
      "url": "https://picsum.photos/id/94/600/400",
      "type": "image"
    }
  },
  {
    "title": "Sample Item 95",
    "image": {
      "url": "https://picsum.photos/id/95/600/400",
      "type": "image"
    }
  },
  {
    "title": "Sample Item 96",
    "description": "This is a sample description for item number 96. It contains general information about the content and purpose of this particular entry in the JSON list.",
    "image": {
      "url": "https://picsum.photos/id/96/600/400",
      "type": "image"
    }
  },
  {
    "title": "Sample Item 97",
    "description": "This is a sample description for item number 97. It contains general information about the content and purpose of this particular entry in the JSON list.",
    "image": {
      "url": "https://picsum.photos/id/97/600/400",
      "type": "image"
    }
  },
  {
    "title": "Sample Item 98",
    "description": "This is a sample description for item number 98. It contains general information about the content and purpose of this particular entry in the JSON list.",
    "image": {
      "url": "https://picsum.photos/id/98/600/400",
      "type": "image"
    }
  },
  {
    "title": "Sample Item 99",
    "description": "This is a sample description for item number 99. It contains general information about the content and purpose of this particular entry in the JSON list.",
    "image": {
      "url": "https://picsum.photos/id/99/600/400",
      "type": "image"
    }
  },
  {
    "title": "Sample Item 100",
    "description": "This is a sample description for item number 100. It contains general information about the content and purpose of this particular entry in the JSON list.",
    "image": {
      "url": "https://picsum.photos/id/100/600/400",
      "type": "image"
    }
  }
]

